{
  "ctc": [
    624.0668547257134,
    540.9492505944294,
    587.48712025518,
    476.0193043584409,
    518.4880318019701,
    463.8357013204823,
    474.8721857485564,
    510.19466101604957,
    462.5195498259171,
    485.744396707286,
    513.0545415463655,
    417.4650361434273,
    460.13427601689875,
    490.91591478430706,
    423.3204504925272,
    439.2519478175951,
    428.6555839206861,
    430.3996144170346,
    431.8427455736243,
    445.33879553753394
  ],
  "fair": [
    5006.1078494528065,
    9085.479614921238,
    2746.431021089139,
    10629.037431691004,
    5172.532251669013,
    4602.419940469706,
    5573.4352539311285,
    4089.6686433916507,
    6593.10445437224,
    7432.506162228791,
    6165.048036575317,
    6242.144247511159,
    3997.132470649222,
    2341.6943049962106,
    10426.091724229895,
    8065.9271605118465,
    4311.342900236015,
    8249.331459708836,
    6761.81375983487,
    4699.569394401882
  ],
  "val": [
    575.7502034505209,
    571.1270141601562,
    523.5937703450521,
    523.1434326171875,
    427.77740478515625,
    572.1812133789062,
    428.13543701171875,
    599.0473836263021,
    459.1620585123698,
    554.4584757486979,
    465.2281087239583,
    455.69031778971356,
    500.87587483723956,
    454.75439453125,
    449.6524658203125,
    452.03062947591144,
    438.7096354166667,
    449.6237080891927,
    451.22707112630206,
    456.7418619791667
  ],
  "lr": [
    0.0003,
    0.0003,
    0.0003,
    0.0003,
    0.0003,
    0.0003,
    0.0003,
    0.0003,
    0.0003,
    0.00015,
    0.00015,
    0.00015,
    0.00015,
    7.5e-05,
    7.5e-05,
    7.5e-05,
    7.5e-05,
    3.75e-05,
    3.75e-05,
    3.75e-05
  ]
}