{
  "train_acc": [
    0.8955555555555555,
    0.9844444444444445,
    0.9666666666666667,
    0.9777777777777777,
    0.9955555555555555,
    0.9755555555555555,
    0.9955555555555555,
    0.9911111111111112,
    0.9888888888888889,
    0.9888888888888889,
    0.9911111111111112,
    1.0,
    1.0,
    0.9733333333333334,
    0.9955555555555555,
    0.9911111111111112,
    0.9933333333333333,
    0.9888888888888889,
    0.9911111111111112,
    0.9955555555555555
  ],
  "val_acc": [
    0.5,
    0.98,
    0.94,
    0.82,
    0.88,
    0.96,
    1.0,
    1.0,
    1.0,
    0.98,
    1.0,
    1.0,
    1.0,
    0.98,
    1.0,
    1.0,
    0.98,
    0.98,
    0.98,
    1.0
  ],
  "spk_loss": [
    0.439657353858153,
    0.14955100317796072,
    0.24908175865809123,
    0.17243315875530243,
    0.1466415283580621,
    0.12133419439196587,
    0.0973893975218137,
    0.1083012377222379,
    0.13102861034373442,
    0.09310626039902369,
    0.2429914500564337,
    0.04118943040569623,
    0.06041470778485139,
    0.15832563762863477,
    0.3094808383534352,
    0.09167711858948072,
    0.10455138583978017,
    0.16260694277783236,
    0.09831942816575369,
    0.05165912124017875
  ],
  "env_loss": [
    0.0,
    0.0,
    0.0,
    0.0,
    0.0,
    0.0,
    0.0,
    0.0,
    0.0,
    0.0,
    0.0,
    0.0,
    0.0,
    0.0,
    0.0,
    0.0,
    0.0,
    0.0,
    0.0,
    0.0
  ]
}