{
  "train_acc": [
    0.8911111111111111,
    1.0,
    1.0,
    0.9955555555555555,
    0.9822222222222222,
    0.98,
    0.9933333333333333,
    0.9933333333333333,
    0.9977777777777778,
    0.9977777777777778,
    1.0,
    0.9955555555555555,
    1.0,
    0.9955555555555555,
    0.9955555555555555,
    0.9977777777777778,
    1.0,
    1.0,
    1.0,
    0.9977777777777778
  ],
  "val_acc": [
    0.88,
    1.0,
    0.98,
    0.98,
    0.82,
    0.98,
    0.98,
    1.0,
    1.0,
    1.0,
    1.0,
    1.0,
    1.0,
    1.0,
    1.0,
    1.0,
    1.0,
    1.0,
    1.0,
    1.0
  ],
  "spk_loss": [
    0.3854859009385109,
    0.06482896034916243,
    0.06020931042730808,
    0.3299739543348551,
    0.36265386069814365,
    0.1396003323296706,
    0.11341029480099678,
    0.12086509987711906,
    0.0751205905030171,
    0.055268961812059085,
    0.041089194392164546,
    0.06692158865431945,
    0.06273266126712164,
    0.07614511568099261,
    0.28524758107960224,
    0.057088536024093625,
    0.045445161126554015,
    0.04910268485546112,
    0.0370337833960851,
    0.048512060567736624
  ],
  "env_loss": [
    0.8575180212656657,
    0.33574791848659513,
    0.12775286336739858,
    0.07201265792051952,
    0.030789101868867873,
    0.031165726482868195,
    0.02231125539789597,
    0.025523880248268446,
    0.012861898091311256,
    0.011237501865252852,
    0.01221410296857357,
    0.010710918158292771,
    0.011349261365830898,
    0.011156148572141925,
    0.009292557269024353,
    0.009632861195132136,
    0.009422639943659305,
    0.009383533739795287,
    0.010047055780887604,
    0.009185167184720436
  ]
}