{
  "disentangled_eer": 0.0002932551319648094,
  "baseline_eer": 0.007202147224017101
}